date,forecast,lower_bound,upper_bound,is_forecast,historical_end
2023-01-01,2.132141343538395,0.0,4.5604259295234915,False,False
2023-01-02,1.34262244688265,0.0,3.7856432257059778,False,False
2023-01-03,1.3598068167828028,0.0,3.880581603967144,False,False
2023-01-04,1.3547331512846517,0.0,3.7908529091293173,False,False
2023-01-05,1.3280684538374188,0.0,3.890728842716682,False,False
2023-01-06,1.3869369248821513,0.0,3.8494277165297617,False,False
2023-01-07,2.2548641651464205,0.0,4.648599686726178,False,False
2023-01-08,2.288407495737943,0.0,4.90894690972757,False,False
2023-01-09,1.440004597849489,0.0,3.97192880592403,False,False
2023-01-10,1.457423901854807,0.0,4.038339704666659,False,False
2023-01-11,1.4509987729118234,0.0,4.009335767733895,False,False
2023-01-12,1.4214909608398232,0.0,3.9183415298238478,False,False
2023-01-13,1.4835298268616819,0.0,4.064934343547601,False,False
2023-01-14,2.4103566223327344,0.0,4.917820417133848,False,False
2023-01-15,2.4446736380678504,0.0,5.018850440077348,False,False
2023-01-16,1.5373867406182238,0.0,4.165446106988565,False,False
2023-01-17,1.55504097664996,0.0,4.035604297190169,False,False
2023-01-18,1.547264382377902,0.0,4.127259783895745,False,False
2023-01-19,1.5149134540743003,0.0,4.0100540012428425,False,False
2023-01-20,1.5801227166396796,0.0,4.096121691238161,False,False
2023-01-21,2.565849063148545,0.0,4.96175441486077,False,False
2023-01-22,2.6009397672373704,0.14271578534909543,4.9859336532292335,False,False
2023-01-23,1.6347688772322462,0.0,4.30315218932889,False,False
2023-01-24,1.6526580473345718,0.0,3.9025259703275177,False,False
2023-01-25,1.6435299919563828,0.0,4.176733888032164,False,False
2023-01-26,1.6083359514605653,0.0,4.171098643105883,False,False
2023-01-27,1.6767156128535343,0.0,4.194522857314675,False,False
2023-01-28,2.7213415177849862,0.2520702387129307,5.1661789514291705,False,False
2023-01-29,2.7572059137701723,0.22262466997944294,5.186626054163342,False,False
2023-01-30,1.732151026832028,0.0,4.385426623864231,False,False
2023-01-31,1.7502751332047468,0.0,4.18529274162686,False,False
2023-02-01,1.7397956143708506,0.0,4.351549531989249,False,False
2023-02-02,1.7017584592273225,0.0,4.250160554952125,False,False
2023-02-03,1.773308517658171,0.0,4.299297606757951,False,False
2023-02-04,2.8768339827888996,0.3584777405352325,5.158679980023605,False,False
2023-02-05,2.913472067247363,0.34056714988137204,5.589527419921853,False,False
2023-02-06,1.829533176088181,0.0,4.224250494489407,False,False
2023-02-07,1.847892214047334,0.0,4.2820409122294,False,False
2023-02-08,1.8360612293501937,0.0,4.317830369274125,False,False
2023-02-09,1.7951809573736808,0.0,4.433227036774088,False,False
2023-02-10,1.869901410027797,0.0,4.323617417572678,False,False
2023-02-11,3.0323264237764955,0.5452576797713808,5.525550043015304,False,False
2023-02-12,3.069738192567999,0.5865932203806481,5.617034762021045,False,False
2023-02-13,1.9269153103020797,0.0,4.448369636432725,False,False
2023-02-14,1.9455092823266753,0.0,4.397053390964049,False,False
2023-02-15,1.932326834416549,0.0,4.343067417231469,False,False
2023-02-16,1.888603448305247,0.0,4.389291047540503,False,False
2023-02-17,1.9719595701134514,0.0,4.569101702964642,False,False
2023-02-18,3.2054145366341373,0.6351410656744696,5.600048247747211,False,False
2023-02-19,3.252529158684021,0.824445595599192,5.86477894048812,False,False
2023-02-20,2.046337159150238,0.0,4.535292068674946,False,False
2023-02-21,2.070742457317562,0.0,4.719737846591134,False,False
2023-02-22,2.061272968851004,0.0,4.4753871475806495,False,False
2023-02-23,2.01902717000788,0.0,4.480565247042682,False,False
2023-02-24,2.1068093663267726,0.0,4.658341295888176,False,False
2023-02-25,3.422491839172101,0.7515840976680658,5.970002128770686,False,False
2023-02-26,3.4706865792014265,1.1146898545782746,5.984578586295729,False,False
2023-02-27,2.182288793974875,0.0,4.6604849745756525,False,False
2023-02-28,2.207022074992553,0.0,4.766729212966878,False,False
2023-03-01,2.204729787559155,0.0,4.769687097634734,False,False
2023-03-02,2.167043361203553,0.0,4.620671713376017,False,False
2023-03-03,2.26894339690583,0.0,4.788290388124095,False,False
2023-03-04,3.698130970386872,1.1360041093206374,6.261378326034349,False,False
2023-03-05,3.762410520346439,1.1688945767196395,6.353412626261368,False,False
2023-03-06,2.373254768764933,0.0,4.986984993790544,False,False
2023-03-07,2.40763993151448,0.0,4.917513533569791,False,False
2023-03-08,2.4025701825414867,0.0,5.014149174157109,False,False
2023-03-09,2.359040726132333,0.0,4.643850051995828,False,False
2023-03-10,2.4674564066342186,0.0,4.914483528548463,False,False
2023-03-11,4.0176914731021744,1.4327764773096252,6.399964006856252,False,False
2023-03-12,4.083561069743108,1.6608808011416678,6.525212373362458,False,False
2023-03-13,2.582378766818077,0.0,5.000028350531446,False,False
2023-03-14,2.6262790929522066,0.13231848948757077,5.070155157430204,False,False
2023-03-15,2.6270682899353077,0.12251236226881096,5.03087564654019,False,False
2023-03-16,2.585531960315282,0.23899063994111316,5.056688659801116,False,False
2023-03-17,2.7105499878529997,0.14238959918200844,5.146908732577114,False,False
2023-03-18,4.423369393657517,1.9275494343311181,6.88950978993019,False,False
2023-03-19,4.505681853106857,1.7172672280941328,7.003658283790923,False,False
2023-03-20,2.8454365645099142,0.3158771685669951,5.225098465572597,False,False
2023-03-21,2.889971516678322,0.43164346922433783,5.431574004481462,False,False
2023-03-22,2.8871100138784875,0.3205292034528636,5.291218320898627,False,False
2023-03-23,2.8378935964379863,0.39510106655212524,5.278857333729374,False,False
2023-03-24,2.9767522460620213,0.6665422089195097,5.482133572896788,False,False
2023-03-25,4.860387965282447,2.4096468323643796,7.396202342879161,False,False
2023-03-26,4.953411048278962,2.2989608912833397,7.570423154226185,False,False
2023-03-27,3.1297726082436474,0.7386261689504872,5.876254917746941,False,False
2023-03-28,3.1803259150668386,0.38768949855843793,5.624449263111075,False,False
2023-03-29,3.1787031601500937,0.6273242047796844,5.6479636414827965,False,False
2023-03-30,3.1259780767526735,0.6350257964171363,5.647382349370428,False,False
2023-03-31,3.274613194645231,0.7176696712410005,5.624324798426363,False,False
2023-04-01,5.339875907153379,2.927608230861242,7.908171456769952,False,False
2023-04-02,5.435284792539857,2.844075198286997,8.05569734544049,False,False
2023-04-03,3.4300673364970224,1.0753522907819721,5.993120957894118,False,False
2023-04-04,3.481345103319723,0.9465859975959756,6.089985811732356,False,False
2023-04-05,3.4755548790638526,1.0772825838285978,5.930858281054466,False,False
2023-04-06,3.414062561441743,0.8810010790042536,5.9033776480477504,False,False
2023-04-07,3.5724741500037465,1.0344862526737388,6.172626493843476,False,False
2023-04-08,5.819363863586774,3.3955211514889223,8.277483685944667,False,False
2023-04-09,5.917158555088802,3.5555552564859547,8.270360700407274,False,False
2023-04-10,3.7303620784317744,1.2268538638708513,6.231006288284683,False,False
2023-04-11,3.7823643075727436,1.1733156297265601,6.228223113036103,False,False
2023-04-12,3.772406611500959,1.3063797730161106,6.327359477704216,False,False
2023-04-13,3.702147057065466,1.287530484188313,6.274908871925596,False,False
2023-04-14,3.870335114416381,1.4165206586620651,6.367647205573538,False,False
2023-04-15,6.2988518309440735,3.8814550421827283,8.668767308805569,False,False
2023-04-16,6.399032324955028,3.81329612915927,8.940800682641818,False,False
2023-04-17,4.030656824747123,1.6242573121913941,6.598884482268062,False,False
2023-04-18,4.0833835160332566,1.6008827518706312,6.598640727831744,False,False
2023-04-19,4.0692583501675275,1.5841811499478755,6.401127699892145,False,False
2023-04-20,3.9902315607517633,1.5507835187038064,6.457366861526894,False,False
2023-04-21,4.168196089245216,1.687185836881012,6.867419913278364,False,False
2023-04-22,6.778339818421662,4.28559457916136,9.244739140299197,False,False
2023-04-23,6.880906118423631,4.422894900224235,9.10289319075747,False,False
2023-04-24,4.330951583662615,1.948511148337022,6.842393968133898,False,False
2023-04-25,4.384402735025063,1.7340591941068477,6.813188594031705,False,False
2023-04-26,4.366110097140556,1.81546450816662,6.790873298446433,False,False
2023-04-27,4.278316070482431,1.6426925621329254,6.650043178742203,False,False
2023-04-28,4.466057066353898,2.0045781188491345,6.86435646835808,False,False
2023-04-29,7.25782780317381,4.855865742299357,9.5078513154396,False,False
2023-04-30,7.362779902725709,4.8047574303591105,9.739305660316937,False,False
2023-05-01,4.631246334970433,2.1645722383581343,7.121279813436187,False,False
2023-05-02,4.685421944479734,2.387119783826416,7.400028527932168,False,False
2023-05-03,4.662961832827917,2.18656428136049,7.325558995995517,False,False
2023-05-04,4.566400567438808,2.226444634076545,7.148987482624426,False,False
2023-05-05,4.76391803214317,2.2401049270656745,7.228945748946766,False,False
2023-05-06,7.737315772740947,5.259069924571512,10.13376090609549,False,False
2023-05-07,7.844653674812553,5.374782070742244,10.278448335805178,False,False
2023-05-08,4.9315410805683255,2.2601957732294418,7.386862277166719,False,False
2023-05-09,4.986441150119848,2.635208440196762,7.4993606529186065,False,False
2023-05-10,4.9494188132510475,2.4307001102744676,7.268033277911374,False,False
2023-05-11,4.834309556161591,2.3063608557082294,7.298990630102346,False,False
2023-05-12,5.030488718008982,2.503386046817146,7.588570240179342,False,False
2023-05-13,8.149643491904158,5.5311763804612495,10.674659717000694,False,False
2023-05-14,8.242159419832024,5.942295716799683,10.72162480815097,False,False
2023-05-15,5.168743929434371,3.0114439257553585,7.602341228273487,False,False
2023-05-16,5.213675565750056,2.852088343676806,7.752395328112932,False,False
2023-05-17,5.173507273375665,2.780275143205704,7.551634674186514,False,False
2023-05-18,5.051779774309021,2.56016145593275,7.457219856599779,False,False
2023-05-19,5.255339030650973,2.841752370804536,7.793347429126864,False,False
2023-05-20,8.511601023255212,6.328993601264681,11.11356718101905,False,False
2023-05-21,8.605917954020926,6.149269212403786,11.111185314700297,False,False
2023-05-22,5.379781933572675,3.0901059083467537,7.913561330495374,False,False
2023-05-23,5.409535415319583,3.0803633541866406,7.847258737156524,False,False
2023-05-24,5.3511854339701,2.7792309155620694,7.933560651689005,False,False
2023-05-25,5.2091971724964035,2.8058546460253266,7.480681222140605,False,False
2023-05-26,5.402575869023863,2.900117042600606,8.000381888188144,False,False
2023-05-27,8.723630642771047,6.12442924134063,11.116939827101845,False,False
2023-05-28,8.793890256841673,6.236060195118605,11.300651686934225,False,False
2023-05-29,5.496922766139811,3.1527362837222004,7.8289464734406335,False,False
2023-05-30,5.52695884974082,2.8206150410115414,8.117175539993264,False,False
2023-05-31,5.466983195192392,3.013130139669185,8.016110645311436,False,False
2023-06-01,5.321574955716209,2.7908170053776318,7.935177493991544,False,False
2023-06-02,5.507438178657471,2.9758903085879664,7.949927367029642,False,False
2023-06-03,8.87419763611023,6.292350900091528,11.178880389727501,False,False
2023-06-04,8.926878366422939,6.453403775803001,11.509441747006287,False,False
2023-06-05,5.568376767351679,2.80986564419342,7.950908635931488,False,False
2023-06-06,5.587135970817606,2.847385424537132,8.175979189279573,False,False
2023-06-07,5.515036438912376,2.8771435703233212,8.049434385713857,False,False
2023-06-08,5.357251700915793,2.992041680612863,7.902002031918338,False,False
2023-06-09,5.54432565401628,3.0929206961142497,8.196403228488968,False,False
2023-06-10,8.933578027278953,6.485469539552552,11.570098596341516,False,False
2023-06-11,8.986554218371245,6.478643592239679,11.480737681372087,False,False
2023-06-12,5.605565645050776,3.2144606919809577,8.099830877574092,False,False
2023-06-13,5.624414566557162,3.2823815139294665,8.287041863225166,False,False
2023-06-14,5.545395060959595,3.0537588306323866,7.948598427182963,False,False
2023-06-15,5.380498973091993,2.630388765082733,7.673539402791065,False,False
2023-06-16,5.561936207772323,3.2023476012290804,8.10470771792483,False,False
2023-06-17,8.951583177175294,6.456878995261375,11.297660730082487,False,False
2023-06-18,8.99425367869912,6.34998977958685,11.57408550107244,False,False
2023-06-19,5.603885661562489,3.276826349055282,8.217143390250927,False,False
2023-06-20,5.616236758090237,3.0840221835039374,8.101310088517515,False,False
2023-06-21,5.537330470471676,3.0386245583315605,8.106745595387867,False,False
2023-06-22,5.3726725627045155,2.762415856971574,7.7912715544607645,False,False
2023-06-23,5.5538441994135175,2.9418043402137473,7.8735227198301905,False,False
2023-06-24,8.938556896114434,6.430230837065193,11.467952858575888,False,False
2023-06-25,8.981162582382675,6.568223427213333,11.490596859163638,False,False
2023-06-26,5.589962083562606,3.108434515118039,7.952226533801764,False,False
2023-06-27,5.596500229372683,3.1517749161822164,7.965385848304426,False,False
2023-06-28,5.51216783732559,3.0540962690236353,8.15268390528149,False,False
2023-06-29,5.342722061587926,3.08117449642437,7.761778523745586,False,False
2023-06-30,5.517158570523269,2.930895772094998,7.977255595916988,False,False
2023-07-01,8.870295594846008,6.335790942223728,11.415343727462297,False,False
2023-07-02,8.903309988870053,6.307985231904514,11.480657800900648,False,False
2023-07-03,5.541445799595349,3.1333904458264885,7.931135236329053,False,False
2023-07-04,5.547866900039388,3.09750458994496,7.89825054079689,False,False
2023-07-05,5.464207813968847,3.0747144354288487,7.965661634691687,False,False
2023-07-06,5.296178492427181,2.8334768611907966,7.824956259874067,False,False
2023-07-07,5.462763436876934,2.8173327336545366,7.88471907754265,False,False
2023-07-08,8.77263530637537,6.236063768490321,11.19352914387835,False,False
2023-07-09,8.79501695613289,6.398150644756566,11.41850548678609,False,False
2023-07-10,5.467636297136458,2.9541980308927114,7.9446376506245775,False,False
2023-07-11,5.467540772837736,2.909112655266085,7.879921628369169,False,False
2023-07-12,5.378742959741266,2.7914566222735795,7.970192750831303,False,False
2023-07-13,5.207171568823774,2.71266162222544,7.695412381428307,False,False
2023-07-14,5.370735964012443,2.885700779551675,7.849172194268691,False,False
2023-07-15,8.624492141688545,5.960459001360275,10.935137881610588,False,False
2023-07-16,8.64613667109904,6.120412356675625,11.190379666730921,False,False
2023-07-17,5.374856880805216,2.879231803607997,7.757655176118491,False,False
2023-07-18,5.374537526485848,2.97379030814689,7.809558042937235,False,False
2023-07-19,5.2786873376610295,2.9097170183324756,7.838661825830734,False,False
2023-07-20,5.101977345715025,2.590275929702221,7.585941867897978,False,False
2023-07-21,5.253603540788697,2.7483342731530773,7.772403744489748,False,False
2023-07-22,8.42246467948641,5.731382619163414,10.933659439470466,False,False
2023-07-23,8.429565872069093,5.836522408061183,11.004201994924012,False,False
2023-07-24,5.231457305773622,2.955110627611875,7.732310249246113,False,False
2023-07-25,5.222334953855314,2.7024945083089116,7.666481916474114,False,False
2023-07-26,5.128591939331209,2.6407536333002195,7.524668066168277,False,False
2023-07-27,4.9563148738530085,2.3927767619167,7.617301771850295,False,False
2023-07-28,5.102997850424667,2.394935349535118,7.542963289957198,False,False
2023-07-29,8.180023994157352,5.604377016468381,10.649629804572896,False,False
2023-07-30,8.185918867417811,5.804838176621091,10.583477113158905,False,False
2023-07-31,5.072612218555681,2.6384679302325678,7.618196803151069,False,False
2023-08-01,5.056080925602372,2.6561488663985413,7.476046926325573,False,False
2023-08-02,4.957711161436845,2.594499589744977,7.368833813503142,False,False
2023-08-03,4.783757064758549,2.4048920971127945,7.27339968795422,False,False
2023-08-04,4.917632084417596,2.366390056158718,7.402009467672112,False,False
2023-08-05,7.870436391295463,5.1077505711845586,10.455974127815637,False,False
2023-08-06,7.863544003252449,5.39987680245631,10.414197466785378,False,False
2023-08-07,4.871714216986631,2.305431322803375,7.3014146053370315,False,False
2023-08-08,4.854698258296812,2.4829085533950255,7.261019821675451,False,False
2023-08-09,4.759116544122639,2.225456316991412,7.102302226560098,False,False
2023-08-10,4.591027752744429,2.0968821185037374,6.919314034847526,False,False
2023-08-11,4.7141799216534395,2.352139273030875,7.328774248350366,False,False
2023-08-12,7.536192330168831,5.098023779077191,10.07269534464283,False,False
2023-08-13,7.52087068149231,5.095158891524219,10.094203753199466,False,False
2023-08-14,4.653950055260823,2.1254097392850895,7.336390268044921,False,False
2023-08-15,4.632182028855188,2.1921565751506327,7.126040808830609,False,False
2023-08-16,4.535512753533481,2.0435451240361164,6.952355110664874,False,False
2023-08-17,4.369982798064691,1.999804339371362,6.804771143004427,False,False
2023-08-18,4.4856335598080594,2.0768142228606132,6.93866778676095,False,False
2023-08-19,7.168285005676032,4.78212591091706,9.712165827287496,False,False
2023-08-20,7.1511327496079025,4.683334064289573,9.781294594760967,False,False
2023-08-21,4.42353627342381,2.114684313651295,6.9310899410041475,False,False
2023-08-22,4.4012123745631575,1.7832631607218064,6.791189580509157,False,False
2023-08-23,4.3077177238838775,1.7283245027880294,6.881880467014861,False,False
2023-08-24,4.148893117492289,1.7073406815027499,6.545809106591483,False,False
2023-08-25,4.257017832394593,1.9308122761136775,6.584636581680643,False,False
2023-08-26,6.800228797584746,4.401698037177154,9.3940099604051,False,False
2023-08-27,6.781207787228237,4.349289085465599,9.259788062752984,False,False
2023-08-28,4.19298262689069,1.9337206890635115,6.623021634282395,False,False
2023-08-29,4.170079151131189,1.763299144504655,6.7597283661922605,False,False
2023-08-30,4.079784433148824,1.6797011620385411,6.508703275782713,False,False
2023-08-31,3.927691622194906,1.426402533757979,6.425082681296728,False,False
2023-09-01,4.0283096175481745,1.6262003347374199,6.602652121776401,False,False
2023-09-02,6.432060926811805,3.865266471424856,9.065426270179564,False,False
2023-09-03,6.411208012647796,4.046735594135666,8.855440343673456,False,False
2023-09-04,3.962405668087826,1.4460063903675644,6.435923549955791,False,False
2023-09-05,3.938945924720034,1.3834333943719197,6.395817954805144,False,False
2023-09-06,3.8518511380081843,1.2984336798420943,6.329952794064274,False,False
2023-09-07,3.7064901211920747,1.2769998536530867,6.0883646400443725,False,False
2023-09-08,3.7996013953341383,1.2933756498067084,6.258487045823876,False,False
2023-09-09,6.063893041808519,3.703098953817555,8.613509930005463,False,False
2023-09-10,6.041208221382695,3.49310904730122,8.5289844180175,False,False
2023-09-11,3.7318287003796833,1.3227696648781353,6.108989022157894,False,False
2023-09-12,3.7078126908641296,1.3275336148713228,6.4142859596962545,False,False
2023-09-13,3.6239178369934324,1.0984401335820455,6.047600096100986,False,False
2023-09-14,3.4852886159158825,1.0313731992273851,6.073602294618243,False,False
2023-09-15,3.5708931731332383,1.1362701871296736,5.9177747463318475,False,False
2023-09-16,5.695725163950302,3.1705379171589536,8.1377545502348,False,False
2023-09-17,5.6712084444769255,3.191031505986304,8.191876332584936,False,False
2023-09-18,3.5012517445932145,1.0847645125902121,5.9692482995225005,False,False
2023-09-19,3.4766794719595344,1.0210321283842951,5.941467321024217,False,False
2023-09-20,3.3959845536701643,1.0752922054244691,5.8159088471810545,False,False
2023-09-21,3.2640871306693917,0.8658502557576683,5.718764329850197,False,False
2023-09-22,3.3421849686775635,1.0026363379991472,5.649922546857874,False,False
2023-09-23,5.327557309913847,2.8875620630264662,7.789586982445055,False,False
2023-09-24,5.301208686716894,3.0721408645968293,7.826808815889645,False,False
2023-09-25,3.270674797757995,0.7663439938804784,5.630127547138025,False,False
2023-09-26,3.245546259033565,0.8453346554307385,5.7043611930111275,False,False
2023-09-27,3.168051339415375,0.7691042374819054,5.8066876846856665,False,False
2023-09-28,3.0428857737561397,0.462932068086777,5.410987143791891,False,False
2023-09-29,3.113476963262246,0.6205687360364002,5.512448190802465,False,False
2023-09-30,4.959389883069404,2.5180179788812005,7.424428788265572,False,False
2023-10-01,4.931209465606866,2.4386778680976136,7.445937429980653,False,False
2023-10-02,3.0400982522390274,0.5425819959074432,5.484619064879095,False,False
2023-10-03,3.014413515440781,0.5814969906283515,5.5739825052917595,False,False
2023-10-04,2.940118521876191,0.5604599268655964,5.490416694560573,False,False
2023-10-05,2.821684737675867,0.23289497667080786,5.351011291332953,False,False
2023-10-06,2.884769223220594,0.5177061193183641,5.275474207128708,False,False
2023-10-07,4.591222776624722,2.1807833072769722,7.109149920076258,False,False
2023-10-08,4.561210459164049,1.9908155717379115,7.18330518312934,False,False
2023-10-09,2.8222285600741555,0.320717735359267,5.404251053725466,False,False
2023-10-10,2.8087556549318387,0.17449548810700838,5.424207340850925,False,False
2023-10-11,2.7498689969807795,0.15877222827573376,5.277179462747811,False,False
2023-10-12,2.6492441709641668,0.17217112967358641,4.87385789208421,False,False
2023-10-13,2.7190804960496173,0.2906911172267561,5.144523675461304,False,False
2023-10-14,4.344791091728538,1.7986483512127318,6.753330549126684,False,False
2023-10-15,4.333942787497414,1.8646664452823218,6.90980447876742,False,False
2023-10-16,2.6805995866808874,0.20608286645426466,5.108710585012017,False,False
2023-10-17,2.6667850021287536,0.14351332963576205,4.83672791289827,False,False
2023-10-18,2.6098638622765002,0.2160111886845818,5.000476175281134,False,False
2023-10-19,2.513373956278563,0.1274702421251145,4.804913340829745,False,False
2023-10-20,2.5939819040779057,0.09682543263133117,5.080437094714178,False,False
2023-10-21,4.168173347864092,1.5543574847359811,6.634356566401123,False,False
2023-10-22,4.181331804308743,1.564838010297117,6.770757005661011,False,False
2023-10-23,2.6010034873763885,0.08117078228778075,5.040099530015733,False,False
2023-10-24,2.6025425095544863,0.13884086241974042,5.210935252905145,False,False
2023-10-25,2.5618411872857245,0.0,5.17873577794584,False,False
2023-10-26,2.4816472265504177,0.005803799870318023,4.854294941433127,False,False
2023-10-27,2.5611784923786476,0.11197270675270148,4.954609887858236,False,False
2023-10-28,4.115367364276828,1.798202248108044,6.522991050985849,False,False
2023-10-29,4.128263072417787,1.626681690248819,6.647354803253355,False,False
2023-10-30,2.567932043638428,0.12110692536088831,5.0969857440446384,False,False
2023-10-31,2.56939128107328,0.164547098080643,5.011213961008669,False,False
2023-11-01,2.529148922247415,0.03758485153519479,5.031213114427395,False,False
2023-11-02,2.449920496820925,0.10826920649054603,5.03651247755814,False,False
2023-11-03,2.528375080679361,0.0,5.017620462225596,False,False
2023-11-04,4.062561380683811,1.4542727808748557,6.486205266537523,False,False
2023-11-05,4.075194340533783,1.5830477480408591,6.456169263397843,False,False
2023-11-06,2.5348605999014553,0.034046302601236145,5.134184883674829,False,False
2023-11-07,2.5362400525925497,0.11988258919605053,4.851249040311415,False,False
2023-11-08,2.4964566572088933,0.23151283171423598,5.1998997942230485,False,False
2023-11-09,2.418193767094384,0.03907396768514179,4.728573327161324,False,False
2023-11-10,2.4955716689800442,0.046409420000994524,5.0511871973737295,False,False
2023-11-11,4.009755397096527,1.3920005949782153,6.505464948822381,False,False
2023-11-12,4.022125608642828,1.6564213476729093,6.479062599979554,False,False
2023-11-13,2.5017891561625856,0.13173180006762514,5.029865896954977,False,False
2023-11-14,2.5030888241118094,0.10539614228508484,4.7637406610913455,False,False
2023-11-15,2.463764392170762,0.12719082130755305,5.069673822245202,False,False
2023-11-16,2.3864670373655645,0.0,4.988849445908035,False,False
2023-11-17,2.462768257279629,0.05978082989109811,5.163599516622993,False,False
2023-11-18,3.956949413507921,1.7176687121403267,6.592615670812624,False,False
2023-11-19,3.9690568767519196,1.4349397889343678,6.492920732228683,False,False
2023-11-20,2.4687177124299358,0.18142198472169133,5.018935073055674,False,False
2023-11-21,2.4699375956310594,0.040255408384981525,4.917716405123993,False,False
2023-11-22,2.4310721271323446,0.0,4.797007706258374,False,False
2023-11-23,2.3547403076374,0.02158554419515003,4.766634237314501,False,False
2023-11-24,2.4299648455813254,0.0,4.845623120204335,False,False
2023-11-25,3.9041434299193014,1.4558556568216963,6.4285808607710395,False,False
2023-11-26,3.915988144863478,1.50593860763118,6.612505626793335,False,False
2023-11-27,2.435646268692011,0.0,4.836831032660373,False,False
2023-11-28,2.436786367149843,0.0,4.990475751145873,False,False
2023-11-29,2.3983798620939276,0.005501713856804341,4.908381076903481,False,False
2023-11-30,2.3230135779092307,0.0034384908792920673,4.847914844185813,False,False
2023-12-01,2.3971614338763327,0.0,4.67957212299217,False,False
2023-12-02,3.85133744632526,1.4547596295642995,6.473465467854659,False,False
2023-12-03,3.8629194129726283,1.3578038337856608,6.107274466063073,False,False
2023-12-04,2.402574824955024,0.0,5.003553569739695,False,False
2023-12-05,2.403635138669528,0.0,4.97246086292749,False,False
2023-12-06,2.365687597055784,0.0,4.815212733114698,False,False
2023-12-07,2.2912868481798,0.0,4.848602908603858,False,False
2023-12-08,2.364358022176977,0.0,4.658726447506076,False,False
2023-12-09,3.798531462737913,1.1683752435384855,6.263122619090198,False,False
2023-12-10,3.8098506810830037,1.4000206884383375,6.0975650938318955,False,False
2023-12-11,2.369503381218039,0.0,4.790808527498166,False,False
2023-12-12,2.3704839101868713,0.0030438842164675316,4.823889934741415,False,False
2023-12-13,2.332995332017365,0.0,4.729710384470583,False,False
2023-12-14,2.2595601184516365,0.0,4.6440820708212245,False,False
2023-12-15,2.331554610476578,0.0,4.5461585199022085,False,False
2023-12-16,3.7457254791493115,1.444763687852207,6.4117432639133085,False,False
2023-12-17,3.756781949197436,1.287170619037466,6.411887691387582,False,False
2023-12-18,2.3364319374792832,0.0,4.7984457638250175,False,False
2023-12-19,2.3373326817065436,0.0,4.870921687750801,False,False
2023-12-20,2.300303066978849,0.0,4.665846835886398,False,False
2023-12-21,2.2278333887228574,0.0,4.565569127652097,False,False
2023-12-22,2.2987511987761784,0.0,4.818127025916067,False,False
2023-12-23,3.6929194955618874,1.204222962837232,6.2555325062899385,False,False
2023-12-24,3.7037132173077807,1.215443930337191,6.0629940177234,False,False
2023-12-25,2.3033604937423258,0.0,4.8997545134783325,False,False
2023-12-26,2.3041814532253326,0.08167866787672311,4.808089998297992,False,False
2023-12-27,2.267610801940433,0.0,4.80286337749752,False,False
2023-12-28,2.1961066589955416,0.0,4.622330765962957,False,False
2023-12-29,2.265947787077749,0.0,4.821689456699534,False,False
2023-12-30,3.6401135119720704,1.2953975215516775,6.228072746406645,False,False
2023-12-31,3.6506444854170095,0.8977812652123945,6.086821717795394,False,True
2024-01-01,2.2702890500045094,0.0,4.653712244091712,True,False
2024-01-02,2.2710302247431753,0.0,4.881931426470115,True,False
2024-01-03,2.234918536901923,0.0,4.561065278371593,True,False
2024-01-04,2.1643799292667647,0.0,4.507405938565132,True,False
2024-01-05,2.233144375375027,0.0,4.742486732452307,True,False
2024-01-06,3.587307528384587,1.1260936818406415,5.88699314100324,True,False
2024-01-07,3.5975757535273964,1.1008653761333547,6.151432844372098,True,False
2024-01-08,2.237217606270611,0.0,4.576016904553815,True,False
2024-01-09,2.237878996262401,0.0,4.936107138249379,True,False
2024-01-10,2.2022262718636023,0.0,4.711843749695929,True,False
2024-01-11,2.132653199538583,0.0,4.5414726648330195,True,False
2024-01-12,2.2003409636746305,0.0,4.917098228908372,True,False
2024-01-13,3.5345015447920907,0.8947582664700592,5.930549171346119,True,False
2024-01-14,3.544507021636701,1.0888842020441365,5.790947613959451,True,False
2024-01-15,2.20414616253279,0.0,4.5906039423805245,True,False
2024-01-16,2.204727767781616,0.0,4.678106676186898,True,False
2024-01-17,2.169534006825097,0.0,4.783295802804498,True,False
2024-01-18,2.10092646980982,0.0,4.561753729874278,True,False
2024-01-19,2.1675375519742346,0.0,4.800253300078022,True,False
2024-01-20,3.4816955612034657,0.9449867843936015,5.969867892898695,True,False
2024-01-21,3.491438289748211,1.1437128280522226,5.985947060826717,True,False
2024-01-22,2.171074718794996,0.0,4.743752778517396,True,False
2024-01-23,2.171576539300415,0.0,4.615952294378469,True,False
2024-01-24,2.1368417417869305,0.0,4.754966413723271,True,False
2024-01-25,2.069199740081635,0.0,4.599545856726409,True,False
2024-01-26,2.134734140274765,0.0,4.675042587543991,True,False
2024-01-27,3.4288895776148265,1.0136652390599903,6.013241398746136,True,False
2024-01-28,3.438369557857575,0.8780902972604284,5.946640164932828,True,False
2024-01-29,2.138003275060947,0.0,4.660502915045603,True,False
2024-01-30,2.1384253108192164,0.0,4.818172659867743,True,False
2024-01-31,2.104149476748516,0.0,4.562095705616568,True,False
2024-02-01,2.0374730103531187,0.0,4.515492710400622,True,False
2024-02-02,2.101930728575268,0.0,4.447541349005663,True,False
2024-02-03,3.3760835940272633,0.709494404635201,5.873877977242145,True,False
2024-02-04,3.3853008259716764,0.7780951026634054,5.825473850332478,True,False
2024-02-05,2.1049318313239467,0.0,4.750780452088965,True,False
2024-02-06,2.1052740823384135,0.0,4.504561256521407,True,False
2024-02-07,2.0714572117101016,0.0,4.425480231223917,True,False
2024-02-08,2.0057462806249267,0.0,4.630653328991988,True,False
2024-02-09,2.069127316871816,0.0,4.352472278975891,True,False
2024-02-10,3.323277610439652,0.9023475270440129,5.751889843528492,True,False
2024-02-11,3.3322320940820886,0.6328925090421903,5.991930319838742,True,False
2024-02-12,2.0718603875853767,0.0,4.808629545749484,True,False
2024-02-13,2.072122853857601,0.0,4.5814070581457145,True,False
2024-02-14,2.0387649466716016,0.0,4.536005429097482,True,False
2024-02-15,1.9740195508961897,0.0,4.629772252705514,True,False
2024-02-16,2.036323905171437,0.0,4.561482107255621,True,False
2024-02-17,3.2704716268509397,0.5877898806080843,6.098344967300786,True,False
2024-02-18,3.279163362192515,0.7623491134128656,6.015751863508713,True,False
2024-02-19,2.038788943848404,0.0,4.582467369218438,True,False
2024-02-20,2.038971625375546,0.0,4.702322046774332,True,False
2024-02-21,2.0060726816331056,0.0,4.5559618218537095,True,False
2024-02-22,1.942292821167995,0.0,4.467445845011279,True,False
2024-02-23,2.0035204934727995,0.0,4.57455649308725,True,False
2024-02-24,3.2176656432622153,0.7021434519484904,5.934970217357381,True,False
2024-02-25,3.2260946303064273,0.5810583514156523,6.032756266310156,True,False
2024-02-26,2.0057175001106726,0.0,4.526704093297756,True,False
2024-02-27,2.0058203968943573,0.0,4.726563795206919,True,False
2024-02-28,1.973380416595007,0.0,4.599105570997077,True,False
2024-02-29,1.910566091439272,0.0,4.303904361829799,True,False
2024-03-01,1.97071708177239,0.0,4.635605371269541,True,False
2024-03-02,3.1648596596700513,0.4255139722779602,5.931297133672833,True,False
2024-03-03,3.1730258984168223,0.4624442773881536,5.8109602346805165,True,False
2024-03-04,1.972646056373716,0.0,4.682676126851195,True,False
2024-03-05,1.9726691684139095,0.0,4.552255709839421,True,False
2024-03-06,1.9406881515566752,0.0,4.442961701189377,True,False
2024-03-07,1.8788393617118029,0.0,4.624376815562324,True,False
2024-03-08,1.9379136700728234,0.0,4.429695231862945,True,False
2024-03-09,3.1120536760823603,0.29299024953027797,5.856301350822419,True,False
2024-03-10,3.119957166526267,0.26068342631941616,5.815886075857426,True,False
2024-03-11,1.9395746126360256,0.0,4.613655136934099,True,False
2024-03-12,1.9395179399327138,0.0,4.738557200417861,True,False
2024-03-13,1.9079958865181805,0.0,4.670868686427549,True,False
2024-03-14,1.847112631983082,0.0,4.622290840406698,True,False
2024-03-15,1.9051102583723984,0.0,4.727626485506457,True,False
2024-03-16,3.0592476924926504,0.18838019683505042,6.039737411641861,True,False
2024-03-17,3.066888434637653,0.10210882484721762,5.838025662664267,True,False
2024-03-18,1.906503168901678,0.0,4.6502662205132435,True,False
2024-03-19,1.906366711451877,0.0,4.63503865451127,True,False
2024-03-20,1.8753036214796883,0.0,4.503321218497334,True,False
2024-03-21,1.8153859022548693,0.0,4.630058874814325,True,False
2024-03-22,1.872306846672788,0.0,4.6353064334673215,True,False
2024-03-23,3.006441708901645,0.1857086086980616,6.283464888732976,True,False
2024-03-24,3.0138197027471567,0.1971294773648547,5.99627640976593,True,False
2024-03-25,1.8734317251639823,0.0,4.642819904239598,True,False
2024-03-26,1.8732154829706793,0.0,4.647121498528824,True,False
2024-03-27,1.8426113564412787,0.0,4.673670378777257,True,False
2024-03-28,1.7836591725256747,0.0,4.625485929049703,True,False
2024-03-29,1.839503434969659,0.0,4.609067574650341,True,False
2024-03-30,2.9536357253120005,0.0,6.282060358458178,True,False
